﻿<?xml version="1.0" encoding="utf-8" ?>
<config>
    <TemplateStr>.utf-8</TemplateStr>
    <AutoFixCue>true</AutoFixCue>
    <AutoFixTTA>false</AutoFixTTA>
    <AcceptDragAudioFile>true</AcceptDragAudioFile>
    <CloseCuePrompt>false</CloseCuePrompt>
    <AutoCheckCode>true</AutoCheckCode>
    <AlwaysOnTop>true</AlwaysOnTop>
    <CharmapConfPath>charmap-anisong.xml</CharmapConfPath>
    <Language>chn</Language>
    <Output>UTF_8_BOM</Output>
    <WindowWidth>793</WindowWidth>
    <WindowHeight>717</WindowHeight>
    <WindowMaximized>false</WindowMaximized>
    <SilentModeForceConvert>false</SilentModeForceConvert>
    <SilentModeOverwrite>false</SilentModeOverwrite>
    <SilentModeBackup>false</SilentModeBackup>
</config>
